TransactionID,TransactionDate,PostingDate,AccountID,Amount,CurrencyCode,CategoryCode,DescriptionRaw,CounterpartyType,IsRecurringFlag,MonthKey
T000002,2024-01-01,2024-01-02,MAIN_CHECKING,-1200.0,EUR,RENT_MORTGAGE,RENT_MORTGAGE 2024-01,BANK,True,2024-01
T000007,2024-01-01,2024-01-01,MAIN_CHECKING,-101.97,EUR,GROCERIES,GROCERIES PURCHASE 4582,MERCHANT,False,2024-01
T000006,2024-01-04,2024-01-04,MAIN_CHECKING,-117.82,EUR,GROCERIES,GROCERIES PURCHASE 7912,MERCHANT,False,2024-01
T000003,2024-01-05,2024-01-06,MAIN_CHECKING,-180.0,EUR,UTILITIES,UTILITIES 2024-01,UTILITY_PROVIDER,True,2024-01
T000014,2024-01-08,2024-01-09,MAIN_CHECKING,-44.56,EUR,ENTERTAINMENT,ENTERTAINMENT PURCHASE 1711,MERCHANT,False,2024-01
T000013,2024-01-14,2024-01-14,MAIN_CHECKING,-38.27,EUR,ENTERTAINMENT,ENTERTAINMENT PURCHASE 6881,MERCHANT,False,2024-01
T000016,2024-01-15,2024-01-16,MAIN_CHECKING,-50.52,EUR,TRANSPORT,TRANSPORT PURCHASE 4150,MERCHANT,False,2024-01
T000012,2024-01-18,2024-01-19,MAIN_CHECKING,-45.48,EUR,ENTERTAINMENT,ENTERTAINMENT PURCHASE 2674,MERCHANT,False,2024-01
T000017,2024-01-18,2024-01-18,MAIN_CHECKING,-52.05,EUR,TRANSPORT,TRANSPORT PURCHASE 4733,MERCHANT,False,2024-01
T000005,2024-01-21,2024-01-21,MAIN_CHECKING,-107.44,EUR,GROCERIES,GROCERIES PURCHASE 3286,MERCHANT,False,2024-01
T000010,2024-01-21,2024-01-21,MAIN_CHECKING,-43.82,EUR,ENTERTAINMENT,ENTERTAINMENT PURCHASE 7924,MERCHANT,False,2024-01
T000009,2024-01-23,2024-01-24,MAIN_CHECKING,-41.24,EUR,ENTERTAINMENT,ENTERTAINMENT PURCHASE 1106,MERCHANT,False,2024-01
T000008,2024-01-24,2024-01-24,MAIN_CHECKING,-106.48,EUR,GROCERIES,GROCERIES PURCHASE 4257,MERCHANT,False,2024-01
T000015,2024-01-24,2024-01-25,MAIN_CHECKING,-46.25,EUR,TRANSPORT,TRANSPORT PURCHASE 2291,MERCHANT,False,2024-01
T000001,2024-01-25,2024-01-26,MAIN_CHECKING,3000.0,EUR,SALARY,SALARY 2024-01,EMPLOYER,True,2024-01
T000004,2024-01-26,2024-01-27,MAIN_CHECKING,-500.0,EUR,SAVINGS_CONTRIBUTION,SAVINGS_CONTRIBUTION 2024-01,BANK,True,2024-01
T000011,2024-01-31,2024-01-31,MAIN_CHECKING,-40.34,EUR,ENTERTAINMENT,ENTERTAINMENT PURCHASE 4527,MERCHANT,False,2024-01
T000019,2024-02-01,2024-02-02,MAIN_CHECKING,-1200.0,EUR,RENT_MORTGAGE,RENT_MORTGAGE 2024-02,BANK,True,2024-02
T000024,2024-02-03,2024-02-03,MAIN_CHECKING,-109.91,EUR,GROCERIES,GROCERIES PURCHASE 5374,MERCHANT,False,2024-02
T000020,2024-02-05,2024-02-06,MAIN_CHECKING,-180.9,EUR,UTILITIES,UTILITIES 2024-02,UTILITY_PROVIDER,True,2024-02
T000033,2024-02-05,2024-02-06,MAIN_CHECKING,-54.03,EUR,TRANSPORT,TRANSPORT PURCHASE 6930,MERCHANT,False,2024-02
T000029,2024-02-06,2024-02-06,MAIN_CHECKING,-39.77,EUR,ENTERTAINMENT,ENTERTAINMENT PURCHASE 6155,MERCHANT,False,2024-02
T000028,2024-02-08,2024-02-09,MAIN_CHECKING,-44.39,EUR,ENTERTAINMENT,ENTERTAINMENT PURCHASE 7572,MERCHANT,False,2024-02
T000034,2024-02-08,2024-02-08,MAIN_CHECKING,-47.24,EUR,TRANSPORT,TRANSPORT PURCHASE 9348,MERCHANT,False,2024-02
T000032,2024-02-09,2024-02-10,MAIN_CHECKING,-52.5,EUR,TRANSPORT,TRANSPORT PURCHASE 8019,MERCHANT,False,2024-02
T000023,2024-02-10,2024-02-11,MAIN_CHECKING,-107.83,EUR,GROCERIES,GROCERIES PURCHASE 3664,MERCHANT,False,2024-02
T000031,2024-02-13,2024-02-14,MAIN_CHECKING,-44.92,EUR,ENTERTAINMENT,ENTERTAINMENT PURCHASE 3340,MERCHANT,False,2024-02
T000030,2024-02-15,2024-02-16,MAIN_CHECKING,-39.31,EUR,ENTERTAINMENT,ENTERTAINMENT PURCHASE 7482,MERCHANT,False,2024-02
T000026,2024-02-18,2024-02-18,MAIN_CHECKING,-39.79,EUR,ENTERTAINMENT,ENTERTAINMENT PURCHASE 6313,MERCHANT,False,2024-02
T000027,2024-02-24,2024-02-24,MAIN_CHECKING,-44.57,EUR,ENTERTAINMENT,ENTERTAINMENT PURCHASE 4752,MERCHANT,False,2024-02
T000018,2024-02-25,2024-02-26,MAIN_CHECKING,3006.0,EUR,SALARY,SALARY 2024-02,EMPLOYER,True,2024-02
T000022,2024-02-25,2024-02-25,MAIN_CHECKING,-106.81,EUR,GROCERIES,GROCERIES PURCHASE 7227,MERCHANT,False,2024-02
T000021,2024-02-26,2024-02-27,MAIN_CHECKING,-500.0,EUR,SAVINGS_CONTRIBUTION,SAVINGS_CONTRIBUTION 2024-02,BANK,True,2024-02
T000025,2024-02-28,2024-02-28,MAIN_CHECKING,-117.39,EUR,GROCERIES,GROCERIES PURCHASE 3803,MERCHANT,False,2024-02
T000036,2024-03-01,2024-03-02,MAIN_CHECKING,-1200.0,EUR,RENT_MORTGAGE,RENT_MORTGAGE 2024-03,BANK,True,2024-03
T000042,2024-03-02,2024-03-02,MAIN_CHECKING,-107.55,EUR,GROCERIES,GROCERIES PURCHASE 2876,MERCHANT,False,2024-03
T000040,2024-03-03,2024-03-04,MAIN_CHECKING,-119.79,EUR,GROCERIES,GROCERIES PURCHASE 2040,MERCHANT,False,2024-03
T000037,2024-03-05,2024-03-06,MAIN_CHECKING,-121.2,EUR,UTILITIES,UTILITIES 2024-03,UTILITY_PROVIDER,True,2024-03
T000047,2024-03-09,2024-03-09,MAIN_CHECKING,-44.6,EUR,ENTERTAINMENT,ENTERTAINMENT PURCHASE 3504,MERCHANT,False,2024-03
T000039,2024-03-16,2024-03-16,MAIN_CHECKING,-121.35,EUR,GROCERIES,GROCERIES PURCHASE 3621,MERCHANT,False,2024-03
T000045,2024-03-18,2024-03-19,MAIN_CHECKING,-45.54,EUR,ENTERTAINMENT,ENTERTAINMENT PURCHASE 9201,MERCHANT,False,2024-03
T000043,2024-03-22,2024-03-22,MAIN_CHECKING,-42.93,EUR,ENTERTAINMENT,ENTERTAINMENT PURCHASE 5808,MERCHANT,False,2024-03
T000035,2024-03-25,2024-03-26,MAIN_CHECKING,3012.0,EUR,SALARY,SALARY 2024-03,EMPLOYER,True,2024-03
T000041,2024-03-25,2024-03-26,MAIN_CHECKING,-110.57,EUR,GROCERIES,GROCERIES PURCHASE 9669,MERCHANT,False,2024-03
T000046,2024-03-25,2024-03-25,MAIN_CHECKING,-43.94,EUR,ENTERTAINMENT,ENTERTAINMENT PURCHASE 5889,MERCHANT,False,2024-03
T000050,2024-03-25,2024-03-25,MAIN_CHECKING,-49.99,EUR,TRANSPORT,TRANSPORT PURCHASE 6947,MERCHANT,False,2024-03
T000038,2024-03-26,2024-03-27,MAIN_CHECKING,-500.0,EUR,SAVINGS_CONTRIBUTION,SAVINGS_CONTRIBUTION 2024-03,BANK,True,2024-03
T000048,2024-03-28,2024-03-28,MAIN_CHECKING,-40.7,EUR,ENTERTAINMENT,ENTERTAINMENT PURCHASE 9837,MERCHANT,False,2024-03
T000044,2024-03-29,2024-03-30,MAIN_CHECKING,-41.21,EUR,ENTERTAINMENT,ENTERTAINMENT PURCHASE 1053,MERCHANT,False,2024-03
T000051,2024-03-30,2024-03-31,MAIN_CHECKING,-53.89,EUR,TRANSPORT,TRANSPORT PURCHASE 4923,MERCHANT,False,2024-03
T000049,2024-03-31,2024-03-31,MAIN_CHECKING,-50.4,EUR,TRANSPORT,TRANSPORT PURCHASE 6310,MERCHANT,False,2024-03
T000053,2024-04-01,2024-04-02,MAIN_CHECKING,-1200.0,EUR,RENT_MORTGAGE,RENT_MORTGAGE 2024-04,BANK,True,2024-04
T000056,2024-04-02,2024-04-02,MAIN_CHECKING,-123.66,EUR,GROCERIES,GROCERIES PURCHASE 8962,MERCHANT,False,2024-04
T000066,2024-04-03,2024-04-04,MAIN_CHECKING,-47.93,EUR,TRANSPORT,TRANSPORT PURCHASE 4510,MERCHANT,False,2024-04
T000054,2024-04-05,2024-04-06,MAIN_CHECKING,-121.8,EUR,UTILITIES,UTILITIES 2024-04,UTILITY_PROVIDER,True,2024-04
T000065,2024-04-07,2024-04-07,MAIN_CHECKING,-38.18,EUR,ENTERTAINMENT,ENTERTAINMENT PURCHASE 6413,MERCHANT,False,2024-04
T000057,2024-04-08,2024-04-08,MAIN_CHECKING,-120.69,EUR,GROCERIES,GROCERIES PURCHASE 3103,MERCHANT,False,2024-04
T000068,2024-04-08,2024-04-09,MAIN_CHECKING,-53.0,EUR,TRANSPORT,TRANSPORT PURCHASE 4119,MERCHANT,False,2024-04
T000067,2024-04-17,2024-04-18,MAIN_CHECKING,-50.54,EUR,TRANSPORT,TRANSPORT PURCHASE 4981,MERCHANT,False,2024-04
T000061,2024-04-18,2024-04-19,MAIN_CHECKING,-41.27,EUR,ENTERTAINMENT,ENTERTAINMENT PURCHASE 2982,MERCHANT,False,2024-04
T000059,2024-04-19,2024-04-20,MAIN_CHECKING,-114.14,EUR,GROCERIES,GROCERIES PURCHASE 4470,MERCHANT,False,2024-04
T000064,2024-04-23,2024-04-23,MAIN_CHECKING,-37.67,EUR,ENTERTAINMENT,ENTERTAINMENT PURCHASE 4750,MERCHANT,False,2024-04
T000063,2024-04-24,2024-04-24,MAIN_CHECKING,-37.79,EUR,ENTERTAINMENT,ENTERTAINMENT PURCHASE 4608,MERCHANT,False,2024-04
T000052,2024-04-25,2024-04-26,MAIN_CHECKING,3018.0,EUR,SALARY,SALARY 2024-04,EMPLOYER,True,2024-04
T000062,2024-04-25,2024-04-25,MAIN_CHECKING,-39.68,EUR,ENTERTAINMENT,ENTERTAINMENT PURCHASE 6539,MERCHANT,False,2024-04
T000055,2024-04-26,2024-04-27,MAIN_CHECKING,-500.0,EUR,SAVINGS_CONTRIBUTION,SAVINGS_CONTRIBUTION 2024-04,BANK,True,2024-04
T000058,2024-04-29,2024-04-29,MAIN_CHECKING,-117.14,EUR,GROCERIES,GROCERIES PURCHASE 5342,MERCHANT,False,2024-04
T000060,2024-04-30,2024-05-01,MAIN_CHECKING,-43.57,EUR,ENTERTAINMENT,ENTERTAINMENT PURCHASE 7118,MERCHANT,False,2024-04
T000070,2024-05-01,2024-05-02,MAIN_CHECKING,-1200.0,EUR,RENT_MORTGAGE,RENT_MORTGAGE 2024-05,BANK,True,2024-05
T000084,2024-05-01,2024-05-02,MAIN_CHECKING,-49.43,EUR,TRANSPORT,TRANSPORT PURCHASE 3536,MERCHANT,False,2024-05
T000073,2024-05-04,2024-05-05,MAIN_CHECKING,-112.11,EUR,GROCERIES,GROCERIES PURCHASE 1887,MERCHANT,False,2024-05
T000071,2024-05-05,2024-05-06,MAIN_CHECKING,-122.4,EUR,UTILITIES,UTILITIES 2024-05,UTILITY_PROVIDER,True,2024-05
T000078,2024-05-05,2024-05-05,MAIN_CHECKING,-44.41,EUR,ENTERTAINMENT,ENTERTAINMENT PURCHASE 1828,MERCHANT,False,2024-05
T000080,2024-05-06,2024-05-06,MAIN_CHECKING,-45.4,EUR,ENTERTAINMENT,ENTERTAINMENT PURCHASE 3724,MERCHANT,False,2024-05
T000081,2024-05-09,2024-05-10,MAIN_CHECKING,-41.05,EUR,ENTERTAINMENT,ENTERTAINMENT PURCHASE 4502,MERCHANT,False,2024-05
T000085,2024-05-09,2024-05-09,MAIN_CHECKING,-47.09,EUR,TRANSPORT,TRANSPORT PURCHASE 1958,MERCHANT,False,2024-05
T000076,2024-05-12,2024-05-12,MAIN_CHECKING,-108.13,EUR,GROCERIES,GROCERIES PURCHASE 9786,MERCHANT,False,2024-05
T000083,2024-05-13,2024-05-14,MAIN_CHECKING,-54.48,EUR,TRANSPORT,TRANSPORT PURCHASE 5673,MERCHANT,False,2024-05
T000075,2024-05-14,2024-05-15,MAIN_CHECKING,-111.63,EUR,GROCERIES,GROCERIES PURCHASE 2790,MERCHANT,False,2024-05
T000079,2024-05-14,2024-05-14,MAIN_CHECKING,-43.11,EUR,ENTERTAINMENT,ENTERTAINMENT PURCHASE 2528,MERCHANT,False,2024-05
T000077,2024-05-15,2024-05-15,MAIN_CHECKING,-39.74,EUR,ENTERTAINMENT,ENTERTAINMENT PURCHASE 8260,MERCHANT,False,2024-05
T000074,2024-05-22,2024-05-22,MAIN_CHECKING,-117.8,EUR,GROCERIES,GROCERIES PURCHASE 1993,MERCHANT,False,2024-05
T000069,2024-05-25,2024-05-26,MAIN_CHECKING,3024.0,EUR,SALARY,SALARY 2024-05,EMPLOYER,True,2024-05
T000072,2024-05-26,2024-05-27,MAIN_CHECKING,-500.0,EUR,SAVINGS_CONTRIBUTION,SAVINGS_CONTRIBUTION 2024-05,BANK,True,2024-05
T000082,2024-05-31,2024-05-31,MAIN_CHECKING,-44.88,EUR,ENTERTAINMENT,ENTERTAINMENT PURCHASE 3697,MERCHANT,False,2024-05
T000087,2024-06-01,2024-06-02,MAIN_CHECKING,-1200.0,EUR,RENT_MORTGAGE,RENT_MORTGAGE 2024-06,BANK,True,2024-06
T000093,2024-06-02,2024-06-02,MAIN_CHECKING,-104.33,EUR,GROCERIES,GROCERIES PURCHASE 4853,MERCHANT,False,2024-06
T000095,2024-06-04,2024-06-05,MAIN_CHECKING,-43.19,EUR,ENTERTAINMENT,ENTERTAINMENT PURCHASE 5272,MERCHANT,False,2024-06
T000088,2024-06-05,2024-06-06,MAIN_CHECKING,-123.0,EUR,UTILITIES,UTILITIES 2024-06,UTILITY_PROVIDER,True,2024-06
T000101,2024-06-07,2024-06-08,MAIN_CHECKING,-54.06,EUR,TRANSPORT,TRANSPORT PURCHASE 5669,MERCHANT,False,2024-06
T000097,2024-06-08,2024-06-08,MAIN_CHECKING,-39.91,EUR,ENTERTAINMENT,ENTERTAINMENT PURCHASE 5915,MERCHANT,False,2024-06
T000094,2024-06-13,2024-06-13,MAIN_CHECKING,-38.02,EUR,ENTERTAINMENT,ENTERTAINMENT PURCHASE 7868,MERCHANT,False,2024-06
T000102,2024-06-17,2024-06-18,MAIN_CHECKING,-46.81,EUR,TRANSPORT,TRANSPORT PURCHASE 9666,MERCHANT,False,2024-06
T000092,2024-06-18,2024-06-18,MAIN_CHECKING,-124.71,EUR,GROCERIES,GROCERIES PURCHASE 4044,MERCHANT,False,2024-06
T000100,2024-06-18,2024-06-19,MAIN_CHECKING,-47.89,EUR,TRANSPORT,TRANSPORT PURCHASE 2127,MERCHANT,False,2024-06
T000090,2024-06-19,2024-06-19,MAIN_CHECKING,-119.85,EUR,GROCERIES,GROCERIES PURCHASE 1821,MERCHANT,False,2024-06
T000096,2024-06-19,2024-06-20,MAIN_CHECKING,-39.4,EUR,ENTERTAINMENT,ENTERTAINMENT PURCHASE 4910,MERCHANT,False,2024-06
T000099,2024-06-20,2024-06-20,MAIN_CHECKING,-41.53,EUR,ENTERTAINMENT,ENTERTAINMENT PURCHASE 2200,MERCHANT,False,2024-06
T000091,2024-06-24,2024-06-24,MAIN_CHECKING,-116.11,EUR,GROCERIES,GROCERIES PURCHASE 1931,MERCHANT,False,2024-06
T000086,2024-06-25,2024-06-26,MAIN_CHECKING,3030.0,EUR,SALARY,SALARY 2024-06,EMPLOYER,True,2024-06
T000089,2024-06-26,2024-06-27,MAIN_CHECKING,-500.0,EUR,SAVINGS_CONTRIBUTION,SAVINGS_CONTRIBUTION 2024-06,BANK,True,2024-06
T000098,2024-06-28,2024-06-28,MAIN_CHECKING,-41.52,EUR,ENTERTAINMENT,ENTERTAINMENT PURCHASE 1152,MERCHANT,False,2024-06
T000104,2024-07-01,2024-07-02,MAIN_CHECKING,-1200.0,EUR,RENT_MORTGAGE,RENT_MORTGAGE 2024-07,BANK,True,2024-07
T000107,2024-07-01,2024-07-01,MAIN_CHECKING,-109.93,EUR,GROCERIES,GROCERIES PURCHASE 3200,MERCHANT,False,2024-07
T000115,2024-07-02,2024-07-02,MAIN_CHECKING,-45.65,EUR,ENTERTAINMENT,ENTERTAINMENT PURCHASE 9938,MERCHANT,False,2024-07
T000119,2024-07-02,2024-07-03,MAIN_CHECKING,-48.83,EUR,TRANSPORT,TRANSPORT PURCHASE 3532,MERCHANT,False,2024-07
T000116,2024-07-03,2024-07-04,MAIN_CHECKING,-38.03,EUR,ENTERTAINMENT,ENTERTAINMENT PURCHASE 3426,MERCHANT,False,2024-07
T000105,2024-07-05,2024-07-06,MAIN_CHECKING,-123.6,EUR,UTILITIES,UTILITIES 2024-07,UTILITY_PROVIDER,True,2024-07
T000118,2024-07-05,2024-07-05,MAIN_CHECKING,-47.38,EUR,TRANSPORT,TRANSPORT PURCHASE 2684,MERCHANT,False,2024-07
T000112,2024-07-09,2024-07-09,MAIN_CHECKING,-37.75,EUR,ENTERTAINMENT,ENTERTAINMENT PURCHASE 5291,MERCHANT,False,2024-07
T000410,2024-07-10,2024-07-11,MAIN_CHECKING,-1800.0,EUR,TRAVEL,VACATION EXPENSE,MERCHANT,False,2024-07
T000117,2024-07-14,2024-07-14,MAIN_CHECKING,-48.37,EUR,TRANSPORT,TRANSPORT PURCHASE 6862,MERCHANT,False,2024-07
T000111,2024-07-16,2024-07-17,MAIN_CHECKING,-43.04,EUR,ENTERTAINMENT,ENTERTAINMENT PURCHASE 1722,MERCHANT,False,2024-07
T000110,2024-07-18,2024-07-19,MAIN_CHECKING,-107.74,EUR,GROCERIES,GROCERIES PURCHASE 9280,MERCHANT,False,2024-07
T000108,2024-07-22,2024-07-22,MAIN_CHECKING,-109.13,EUR,GROCERIES,GROCERIES PURCHASE 3546,MERCHANT,False,2024-07
T000103,2024-07-25,2024-07-26,MAIN_CHECKING,3036.0,EUR,SALARY,SALARY 2024-07,EMPLOYER,True,2024-07
T000106,2024-07-26,2024-07-27,MAIN_CHECKING,-500.0,EUR,SAVINGS_CONTRIBUTION,SAVINGS_CONTRIBUTION 2024-07,BANK,True,2024-07
T000109,2024-07-27,2024-07-27,MAIN_CHECKING,-109.31,EUR,GROCERIES,GROCERIES PURCHASE 6617,MERCHANT,False,2024-07
T000114,2024-07-28,2024-07-28,MAIN_CHECKING,-42.43,EUR,ENTERTAINMENT,ENTERTAINMENT PURCHASE 2232,MERCHANT,False,2024-07
T000113,2024-07-29,2024-07-30,MAIN_CHECKING,-39.08,EUR,ENTERTAINMENT,ENTERTAINMENT PURCHASE 8007,MERCHANT,False,2024-07
T000121,2024-08-01,2024-08-02,MAIN_CHECKING,-1200.0,EUR,RENT_MORTGAGE,RENT_MORTGAGE 2024-08,BANK,True,2024-08
T000129,2024-08-02,2024-08-02,MAIN_CHECKING,-40.32,EUR,ENTERTAINMENT,ENTERTAINMENT PURCHASE 4652,MERCHANT,False,2024-08
T000122,2024-08-05,2024-08-06,MAIN_CHECKING,-124.2,EUR,UTILITIES,UTILITIES 2024-08,UTILITY_PROVIDER,True,2024-08
T000127,2024-08-06,2024-08-06,MAIN_CHECKING,-107.03,EUR,GROCERIES,GROCERIES PURCHASE 7267,MERCHANT,False,2024-08
T000136,2024-08-06,2024-08-07,MAIN_CHECKING,-52.65,EUR,TRANSPORT,TRANSPORT PURCHASE 8149,MERCHANT,False,2024-08
T000133,2024-08-07,2024-08-07,MAIN_CHECKING,-40.54,EUR,ENTERTAINMENT,ENTERTAINMENT PURCHASE 2889,MERCHANT,False,2024-08
T000125,2024-08-08,2024-08-09,MAIN_CHECKING,-103.95,EUR,GROCERIES,GROCERIES PURCHASE 7745,MERCHANT,False,2024-08
T000132,2024-08-08,2024-08-09,MAIN_CHECKING,-40.71,EUR,ENTERTAINMENT,ENTERTAINMENT PURCHASE 9785,MERCHANT,False,2024-08
T000135,2024-08-09,2024-08-10,MAIN_CHECKING,-46.41,EUR,TRANSPORT,TRANSPORT PURCHASE 6663,MERCHANT,False,2024-08
T000409,2024-08-15,2024-08-15,MAIN_CHECKING,5000.0,EUR,ONE_TIME_LARGE,TAX REFUND,EXTERNAL,False,2024-08
T000131,2024-08-16,2024-08-16,MAIN_CHECKING,-40.52,EUR,ENTERTAINMENT,ENTERTAINMENT PURCHASE 5573,MERCHANT,False,2024-08
T000120,2024-08-25,2024-08-26,MAIN_CHECKING,3042.0,EUR,SALARY,SALARY 2024-08,EMPLOYER,True,2024-08
T000123,2024-08-26,2024-08-27,MAIN_CHECKING,-500.0,EUR,SAVINGS_CONTRIBUTION,SAVINGS_CONTRIBUTION 2024-08,BANK,True,2024-08
T000126,2024-08-28,2024-08-28,MAIN_CHECKING,-121.81,EUR,GROCERIES,GROCERIES PURCHASE 5371,MERCHANT,False,2024-08
T000128,2024-08-28,2024-08-29,MAIN_CHECKING,-44.62,EUR,ENTERTAINMENT,ENTERTAINMENT PURCHASE 6728,MERCHANT,False,2024-08
T000134,2024-08-29,2024-08-30,MAIN_CHECKING,-51.16,EUR,TRANSPORT,TRANSPORT PURCHASE 1626,MERCHANT,False,2024-08
T000124,2024-08-30,2024-08-30,MAIN_CHECKING,-125.8,EUR,GROCERIES,GROCERIES PURCHASE 7755,MERCHANT,False,2024-08
T000130,2024-08-31,2024-08-31,MAIN_CHECKING,-37.96,EUR,ENTERTAINMENT,ENTERTAINMENT PURCHASE 7528,MERCHANT,False,2024-08
T000138,2024-09-01,2024-09-02,MAIN_CHECKING,-1200.0,EUR,RENT_MORTGAGE,RENT_MORTGAGE 2024-09,BANK,True,2024-09
T000143,2024-09-04,2024-09-04,MAIN_CHECKING,-115.66,EUR,GROCERIES,GROCERIES PURCHASE 6967,MERCHANT,False,2024-09
T000147,2024-09-04,2024-09-05,MAIN_CHECKING,-39.41,EUR,ENTERTAINMENT,ENTERTAINMENT PURCHASE 3851,MERCHANT,False,2024-09
T000139,2024-09-05,2024-09-06,MAIN_CHECKING,-124.8,EUR,UTILITIES,UTILITIES 2024-09,UTILITY_PROVIDER,True,2024-09
T000153,2024-09-07,2024-09-07,MAIN_CHECKING,-53.61,EUR,TRANSPORT,TRANSPORT PURCHASE 6085,MERCHANT,False,2024-09
T000149,2024-09-10,2024-09-10,MAIN_CHECKING,-42.4,EUR,ENTERTAINMENT,ENTERTAINMENT PURCHASE 5978,MERCHANT,False,2024-09
T000144,2024-09-13,2024-09-14,MAIN_CHECKING,-113.62,EUR,GROCERIES,GROCERIES PURCHASE 6143,MERCHANT,False,2024-09
T000151,2024-09-15,2024-09-15,MAIN_CHECKING,-50.51,EUR,TRANSPORT,TRANSPORT PURCHASE 2389,MERCHANT,False,2024-09
T000142,2024-09-17,2024-09-18,MAIN_CHECKING,-104.7,EUR,GROCERIES,GROCERIES PURCHASE 1027,MERCHANT,False,2024-09
T000150,2024-09-17,2024-09-18,MAIN_CHECKING,-40.21,EUR,ENTERTAINMENT,ENTERTAINMENT PURCHASE 6279,MERCHANT,False,2024-09
T000141,2024-09-20,2024-09-20,MAIN_CHECKING,-124.4,EUR,GROCERIES,GROCERIES PURCHASE 5173,MERCHANT,False,2024-09
T000145,2024-09-22,2024-09-23,MAIN_CHECKING,-40.4,EUR,ENTERTAINMENT,ENTERTAINMENT PURCHASE 6344,MERCHANT,False,2024-09
T000152,2024-09-22,2024-09-23,MAIN_CHECKING,-48.22,EUR,TRANSPORT,TRANSPORT PURCHASE 2530,MERCHANT,False,2024-09
T000148,2024-09-24,2024-09-25,MAIN_CHECKING,-42.97,EUR,ENTERTAINMENT,ENTERTAINMENT PURCHASE 7653,MERCHANT,False,2024-09
T000137,2024-09-25,2024-09-26,MAIN_CHECKING,3048.0,EUR,SALARY,SALARY 2024-09,EMPLOYER,True,2024-09
T000140,2024-09-26,2024-09-27,MAIN_CHECKING,-500.0,EUR,SAVINGS_CONTRIBUTION,SAVINGS_CONTRIBUTION 2024-09,BANK,True,2024-09
T000146,2024-09-28,2024-09-29,MAIN_CHECKING,-41.18,EUR,ENTERTAINMENT,ENTERTAINMENT PURCHASE 3085,MERCHANT,False,2024-09
T000155,2024-10-01,2024-10-02,MAIN_CHECKING,-1200.0,EUR,RENT_MORTGAGE,RENT_MORTGAGE 2024-10,BANK,True,2024-10
T000164,2024-10-01,2024-10-01,MAIN_CHECKING,-42.52,EUR,ENTERTAINMENT,ENTERTAINMENT PURCHASE 8478,MERCHANT,False,2024-10
T000167,2024-10-04,2024-10-05,MAIN_CHECKING,-42.99,EUR,ENTERTAINMENT,ENTERTAINMENT PURCHASE 9976,MERCHANT,False,2024-10
T000156,2024-10-05,2024-10-06,MAIN_CHECKING,-125.4,EUR,UTILITIES,UTILITIES 2024-10,UTILITY_PROVIDER,True,2024-10
T000161,2024-10-05,2024-10-05,MAIN_CHECKING,-115.41,EUR,GROCERIES,GROCERIES PURCHASE 3417,MERCHANT,False,2024-10
T000170,2024-10-06,2024-10-07,MAIN_CHECKING,-53.13,EUR,TRANSPORT,TRANSPORT PURCHASE 4919,MERCHANT,False,2024-10
T000160,2024-10-07,2024-10-07,MAIN_CHECKING,-113.56,EUR,GROCERIES,GROCERIES PURCHASE 7291,MERCHANT,False,2024-10
T000158,2024-10-08,2024-10-08,MAIN_CHECKING,-104.55,EUR,GROCERIES,GROCERIES PURCHASE 8784,MERCHANT,False,2024-10
T000168,2024-10-15,2024-10-16,MAIN_CHECKING,-52.91,EUR,TRANSPORT,TRANSPORT PURCHASE 8373,MERCHANT,False,2024-10
T000162,2024-10-21,2024-10-21,MAIN_CHECKING,-44.38,EUR,ENTERTAINMENT,ENTERTAINMENT PURCHASE 3881,MERCHANT,False,2024-10
T000163,2024-10-23,2024-10-24,MAIN_CHECKING,-44.6,EUR,ENTERTAINMENT,ENTERTAINMENT PURCHASE 1822,MERCHANT,False,2024-10
T000154,2024-10-25,2024-10-26,MAIN_CHECKING,3054.0,EUR,SALARY,SALARY 2024-10,EMPLOYER,True,2024-10
T000165,2024-10-25,2024-10-26,MAIN_CHECKING,-38.96,EUR,ENTERTAINMENT,ENTERTAINMENT PURCHASE 9702,MERCHANT,False,2024-10
T000157,2024-10-26,2024-10-27,MAIN_CHECKING,-500.0,EUR,SAVINGS_CONTRIBUTION,SAVINGS_CONTRIBUTION 2024-10,BANK,True,2024-10
T000159,2024-10-26,2024-10-26,MAIN_CHECKING,-118.11,EUR,GROCERIES,GROCERIES PURCHASE 8461,MERCHANT,False,2024-10
T000166,2024-10-28,2024-10-29,MAIN_CHECKING,-46.14,EUR,ENTERTAINMENT,ENTERTAINMENT PURCHASE 8251,MERCHANT,False,2024-10
T000169,2024-10-29,2024-10-29,MAIN_CHECKING,-48.02,EUR,TRANSPORT,TRANSPORT PURCHASE 5543,MERCHANT,False,2024-10
T000172,2024-11-01,2024-11-02,MAIN_CHECKING,-1200.0,EUR,RENT_MORTGAGE,RENT_MORTGAGE 2024-11,BANK,True,2024-11
T000185,2024-11-01,2024-11-02,MAIN_CHECKING,-52.21,EUR,TRANSPORT,TRANSPORT PURCHASE 3704,MERCHANT,False,2024-11
T000184,2024-11-02,2024-11-03,MAIN_CHECKING,-39.72,EUR,ENTERTAINMENT,ENTERTAINMENT PURCHASE 8956,MERCHANT,False,2024-11
T000177,2024-11-03,2024-11-04,MAIN_CHECKING,-107.78,EUR,GROCERIES,GROCERIES PURCHASE 3503,MERCHANT,False,2024-11
T000173,2024-11-05,2024-11-06,MAIN_CHECKING,-189.0,EUR,UTILITIES,UTILITIES 2024-11,UTILITY_PROVIDER,True,2024-11
T000175,2024-11-09,2024-11-10,MAIN_CHECKING,-110.91,EUR,GROCERIES,GROCERIES PURCHASE 6502,MERCHANT,False,2024-11
T000180,2024-11-11,2024-11-11,MAIN_CHECKING,-45.49,EUR,ENTERTAINMENT,ENTERTAINMENT PURCHASE 7232,MERCHANT,False,2024-11
T000187,2024-11-11,2024-11-12,MAIN_CHECKING,-45.72,EUR,TRANSPORT,TRANSPORT PURCHASE 1444,MERCHANT,False,2024-11
T000186,2024-11-13,2024-11-13,MAIN_CHECKING,-53.94,EUR,TRANSPORT,TRANSPORT PURCHASE 9751,MERCHANT,False,2024-11
T000179,2024-11-14,2024-11-15,MAIN_CHECKING,-39.62,EUR,ENTERTAINMENT,ENTERTAINMENT PURCHASE 7381,MERCHANT,False,2024-11
T000176,2024-11-15,2024-11-15,MAIN_CHECKING,-111.7,EUR,GROCERIES,GROCERIES PURCHASE 3267,MERCHANT,False,2024-11
T000182,2024-11-15,2024-11-16,MAIN_CHECKING,-44.22,EUR,ENTERTAINMENT,ENTERTAINMENT PURCHASE 9818,MERCHANT,False,2024-11
T000181,2024-11-18,2024-11-19,MAIN_CHECKING,-41.89,EUR,ENTERTAINMENT,ENTERTAINMENT PURCHASE 5892,MERCHANT,False,2024-11
T000178,2024-11-23,2024-11-23,MAIN_CHECKING,-120.66,EUR,GROCERIES,GROCERIES PURCHASE 7797,MERCHANT,False,2024-11
T000171,2024-11-25,2024-11-26,MAIN_CHECKING,3060.0,EUR,SALARY,SALARY 2024-11,EMPLOYER,True,2024-11
T000174,2024-11-26,2024-11-27,MAIN_CHECKING,-500.0,EUR,SAVINGS_CONTRIBUTION,SAVINGS_CONTRIBUTION 2024-11,BANK,True,2024-11
T000183,2024-11-30,2024-11-30,MAIN_CHECKING,-44.17,EUR,ENTERTAINMENT,ENTERTAINMENT PURCHASE 8999,MERCHANT,False,2024-11
T000189,2024-12-01,2024-12-02,MAIN_CHECKING,-1200.0,EUR,RENT_MORTGAGE,RENT_MORTGAGE 2024-12,BANK,True,2024-12
T000199,2024-12-01,2024-12-01,MAIN_CHECKING,-43.15,EUR,ENTERTAINMENT,ENTERTAINMENT PURCHASE 3068,MERCHANT,False,2024-12
T000192,2024-12-03,2024-12-03,MAIN_CHECKING,-124.74,EUR,GROCERIES,GROCERIES PURCHASE 1823,MERCHANT,False,2024-12
T000197,2024-12-03,2024-12-03,MAIN_CHECKING,-43.39,EUR,ENTERTAINMENT,ENTERTAINMENT PURCHASE 1508,MERCHANT,False,2024-12
T000190,2024-12-05,2024-12-06,MAIN_CHECKING,-189.9,EUR,UTILITIES,UTILITIES 2024-12,UTILITY_PROVIDER,True,2024-12
T000195,2024-12-05,2024-12-06,MAIN_CHECKING,-111.06,EUR,GROCERIES,GROCERIES PURCHASE 5133,MERCHANT,False,2024-12
T000202,2024-12-06,2024-12-06,MAIN_CHECKING,-53.06,EUR,TRANSPORT,TRANSPORT PURCHASE 3683,MERCHANT,False,2024-12
T000194,2024-12-14,2024-12-15,MAIN_CHECKING,-115.16,EUR,GROCERIES,GROCERIES PURCHASE 7211,MERCHANT,False,2024-12
T000198,2024-12-16,2024-12-16,MAIN_CHECKING,-45.91,EUR,ENTERTAINMENT,ENTERTAINMENT PURCHASE 1333,MERCHANT,False,2024-12
T000201,2024-12-18,2024-12-19,MAIN_CHECKING,-41.83,EUR,ENTERTAINMENT,ENTERTAINMENT PURCHASE 7043,MERCHANT,False,2024-12
T000203,2024-12-20,2024-12-20,MAIN_CHECKING,-55.25,EUR,TRANSPORT,TRANSPORT PURCHASE 1420,MERCHANT,False,2024-12
T000193,2024-12-21,2024-12-22,MAIN_CHECKING,-110.64,EUR,GROCERIES,GROCERIES PURCHASE 4467,MERCHANT,False,2024-12
T000200,2024-12-24,2024-12-24,MAIN_CHECKING,-41.9,EUR,ENTERTAINMENT,ENTERTAINMENT PURCHASE 4571,MERCHANT,False,2024-12
T000188,2024-12-25,2024-12-26,MAIN_CHECKING,3066.0,EUR,SALARY,SALARY 2024-12,EMPLOYER,True,2024-12
T000191,2024-12-26,2024-12-27,MAIN_CHECKING,-500.0,EUR,SAVINGS_CONTRIBUTION,SAVINGS_CONTRIBUTION 2024-12,BANK,True,2024-12
T000196,2024-12-27,2024-12-28,MAIN_CHECKING,-38.35,EUR,ENTERTAINMENT,ENTERTAINMENT PURCHASE 4673,MERCHANT,False,2024-12
T000204,2024-12-31,2025-01-01,MAIN_CHECKING,-54.89,EUR,TRANSPORT,TRANSPORT PURCHASE 7498,MERCHANT,False,2024-12
T000206,2025-01-01,2025-01-02,MAIN_CHECKING,-1200.0,EUR,RENT_MORTGAGE,RENT_MORTGAGE 2025-01,BANK,True,2025-01
T000216,2025-01-01,2025-01-02,MAIN_CHECKING,-44.48,EUR,ENTERTAINMENT,ENTERTAINMENT PURCHASE 8136,MERCHANT,False,2025-01
T000212,2025-01-03,2025-01-04,MAIN_CHECKING,-117.31,EUR,GROCERIES,GROCERIES PURCHASE 2129,MERCHANT,False,2025-01
T000207,2025-01-05,2025-01-06,MAIN_CHECKING,-190.8,EUR,UTILITIES,UTILITIES 2025-01,UTILITY_PROVIDER,True,2025-01
T000211,2025-01-07,2025-01-07,MAIN_CHECKING,-123.46,EUR,GROCERIES,GROCERIES PURCHASE 6688,MERCHANT,False,2025-01
T000221,2025-01-08,2025-01-09,MAIN_CHECKING,-50.47,EUR,TRANSPORT,TRANSPORT PURCHASE 5232,MERCHANT,False,2025-01
T000215,2025-01-11,2025-01-12,MAIN_CHECKING,-44.14,EUR,ENTERTAINMENT,ENTERTAINMENT PURCHASE 9817,MERCHANT,False,2025-01
T000217,2025-01-14,2025-01-15,MAIN_CHECKING,-44.91,EUR,ENTERTAINMENT,ENTERTAINMENT PURCHASE 6280,MERCHANT,False,2025-01
T000220,2025-01-15,2025-01-16,MAIN_CHECKING,-45.83,EUR,TRANSPORT,TRANSPORT PURCHASE 3979,MERCHANT,False,2025-01
T000218,2025-01-16,2025-01-16,MAIN_CHECKING,-45.13,EUR,ENTERTAINMENT,ENTERTAINMENT PURCHASE 5569,MERCHANT,False,2025-01
T000213,2025-01-17,2025-01-18,MAIN_CHECKING,-38.84,EUR,ENTERTAINMENT,ENTERTAINMENT PURCHASE 8532,MERCHANT,False,2025-01
T000214,2025-01-21,2025-01-22,MAIN_CHECKING,-43.91,EUR,ENTERTAINMENT,ENTERTAINMENT PURCHASE 3885,MERCHANT,False,2025-01
T000210,2025-01-23,2025-01-24,MAIN_CHECKING,-121.15,EUR,GROCERIES,GROCERIES PURCHASE 2983,MERCHANT,False,2025-01
T000205,2025-01-25,2025-01-26,MAIN_CHECKING,3072.0,EUR,SALARY,SALARY 2025-01,EMPLOYER,True,2025-01
T000208,2025-01-26,2025-01-27,MAIN_CHECKING,-500.0,EUR,SAVINGS_CONTRIBUTION,SAVINGS_CONTRIBUTION 2025-01,BANK,True,2025-01
T000219,2025-01-29,2025-01-30,MAIN_CHECKING,-53.13,EUR,TRANSPORT,TRANSPORT PURCHASE 6511,MERCHANT,False,2025-01
T000209,2025-01-31,2025-01-31,MAIN_CHECKING,-118.7,EUR,GROCERIES,GROCERIES PURCHASE 2669,MERCHANT,False,2025-01
T000223,2025-02-01,2025-02-02,MAIN_CHECKING,-1200.0,EUR,RENT_MORTGAGE,RENT_MORTGAGE 2025-02,BANK,True,2025-02
T000231,2025-02-01,2025-02-02,MAIN_CHECKING,-41.98,EUR,ENTERTAINMENT,ENTERTAINMENT PURCHASE 7971,MERCHANT,False,2025-02
T000232,2025-02-03,2025-02-04,MAIN_CHECKING,-46.4,EUR,ENTERTAINMENT,ENTERTAINMENT PURCHASE 6764,MERCHANT,False,2025-02
T000224,2025-02-05,2025-02-06,MAIN_CHECKING,-191.7,EUR,UTILITIES,UTILITIES 2025-02,UTILITY_PROVIDER,True,2025-02
T000236,2025-02-07,2025-02-08,MAIN_CHECKING,-48.39,EUR,TRANSPORT,TRANSPORT PURCHASE 2647,MERCHANT,False,2025-02
T000234,2025-02-08,2025-02-08,MAIN_CHECKING,-40.11,EUR,ENTERTAINMENT,ENTERTAINMENT PURCHASE 4155,MERCHANT,False,2025-02
T000227,2025-02-09,2025-02-09,MAIN_CHECKING,-127.36,EUR,GROCERIES,GROCERIES PURCHASE 4954,MERCHANT,False,2025-02
T000233,2025-02-10,2025-02-11,MAIN_CHECKING,-43.92,EUR,ENTERTAINMENT,ENTERTAINMENT PURCHASE 6023,MERCHANT,False,2025-02
T000226,2025-02-11,2025-02-11,MAIN_CHECKING,-125.77,EUR,GROCERIES,GROCERIES PURCHASE 9464,MERCHANT,False,2025-02
T000235,2025-02-13,2025-02-13,MAIN_CHECKING,-40.65,EUR,ENTERTAINMENT,ENTERTAINMENT PURCHASE 4138,MERCHANT,False,2025-02
T000238,2025-02-16,2025-02-17,MAIN_CHECKING,-49.24,EUR,TRANSPORT,TRANSPORT PURCHASE 1231,MERCHANT,False,2025-02
T000228,2025-02-20,2025-02-21,MAIN_CHECKING,-122.03,EUR,GROCERIES,GROCERIES PURCHASE 4937,MERCHANT,False,2025-02
T000229,2025-02-23,2025-02-24,MAIN_CHECKING,-121.34,EUR,GROCERIES,GROCERIES PURCHASE 8342,MERCHANT,False,2025-02
T000237,2025-02-24,2025-02-25,MAIN_CHECKING,-54.02,EUR,TRANSPORT,TRANSPORT PURCHASE 4727,MERCHANT,False,2025-02
T000222,2025-02-25,2025-02-26,MAIN_CHECKING,3078.0,EUR,SALARY,SALARY 2025-02,EMPLOYER,True,2025-02
T000225,2025-02-26,2025-02-27,MAIN_CHECKING,-500.0,EUR,SAVINGS_CONTRIBUTION,SAVINGS_CONTRIBUTION 2025-02,BANK,True,2025-02
T000230,2025-02-26,2025-02-27,MAIN_CHECKING,-43.83,EUR,ENTERTAINMENT,ENTERTAINMENT PURCHASE 7046,MERCHANT,False,2025-02
T000240,2025-03-01,2025-03-02,MAIN_CHECKING,-1200.0,EUR,RENT_MORTGAGE,RENT_MORTGAGE 2025-03,BANK,True,2025-03
T000248,2025-03-02,2025-03-02,MAIN_CHECKING,-38.65,EUR,ENTERTAINMENT,ENTERTAINMENT PURCHASE 3485,MERCHANT,False,2025-03
T000252,2025-03-04,2025-03-05,MAIN_CHECKING,-41.24,EUR,ENTERTAINMENT,ENTERTAINMENT PURCHASE 5871,MERCHANT,False,2025-03
T000241,2025-03-05,2025-03-06,MAIN_CHECKING,-128.4,EUR,UTILITIES,UTILITIES 2025-03,UTILITY_PROVIDER,True,2025-03
T000245,2025-03-05,2025-03-05,MAIN_CHECKING,-107.91,EUR,GROCERIES,GROCERIES PURCHASE 5658,MERCHANT,False,2025-03
T000247,2025-03-06,2025-03-07,MAIN_CHECKING,-44.97,EUR,ENTERTAINMENT,ENTERTAINMENT PURCHASE 9056,MERCHANT,False,2025-03
T000246,2025-03-09,2025-03-10,MAIN_CHECKING,-116.51,EUR,GROCERIES,GROCERIES PURCHASE 6582,MERCHANT,False,2025-03
T000249,2025-03-09,2025-03-10,MAIN_CHECKING,-39.29,EUR,ENTERTAINMENT,ENTERTAINMENT PURCHASE 2395,MERCHANT,False,2025-03
T000255,2025-03-14,2025-03-14,MAIN_CHECKING,-48.31,EUR,TRANSPORT,TRANSPORT PURCHASE 3573,MERCHANT,False,2025-03
T000251,2025-03-16,2025-03-16,MAIN_CHECKING,-43.15,EUR,ENTERTAINMENT,ENTERTAINMENT PURCHASE 9561,MERCHANT,False,2025-03
T000244,2025-03-18,2025-03-18,MAIN_CHECKING,-121.85,EUR,GROCERIES,GROCERIES PURCHASE 9042,MERCHANT,False,2025-03
T000254,2025-03-19,2025-03-19,MAIN_CHECKING,-55.24,EUR,TRANSPORT,TRANSPORT PURCHASE 4457,MERCHANT,False,2025-03
T000243,2025-03-23,2025-03-23,MAIN_CHECKING,-106.57,EUR,GROCERIES,GROCERIES PURCHASE 5786,MERCHANT,False,2025-03
T000239,2025-03-25,2025-03-26,MAIN_CHECKING,3084.0,EUR,SALARY,SALARY 2025-03,EMPLOYER,True,2025-03
T000242,2025-03-26,2025-03-27,MAIN_CHECKING,-500.0,EUR,SAVINGS_CONTRIBUTION,SAVINGS_CONTRIBUTION 2025-03,BANK,True,2025-03
T000250,2025-03-28,2025-03-28,MAIN_CHECKING,-46.42,EUR,ENTERTAINMENT,ENTERTAINMENT PURCHASE 7818,MERCHANT,False,2025-03
T000253,2025-03-28,2025-03-28,MAIN_CHECKING,-48.73,EUR,TRANSPORT,TRANSPORT PURCHASE 2625,MERCHANT,False,2025-03
T000257,2025-04-01,2025-04-02,MAIN_CHECKING,-1200.0,EUR,RENT_MORTGAGE,RENT_MORTGAGE 2025-04,BANK,True,2025-04
T000263,2025-04-03,2025-04-04,MAIN_CHECKING,-122.34,EUR,GROCERIES,GROCERIES PURCHASE 2166,MERCHANT,False,2025-04
T000258,2025-04-05,2025-04-06,MAIN_CHECKING,-129.0,EUR,UTILITIES,UTILITIES 2025-04,UTILITY_PROVIDER,True,2025-04
T000261,2025-04-06,2025-04-07,MAIN_CHECKING,-122.02,EUR,GROCERIES,GROCERIES PURCHASE 5771,MERCHANT,False,2025-04
T000260,2025-04-08,2025-04-09,MAIN_CHECKING,-109.49,EUR,GROCERIES,GROCERIES PURCHASE 8381,MERCHANT,False,2025-04
T000265,2025-04-08,2025-04-08,MAIN_CHECKING,-39.03,EUR,ENTERTAINMENT,ENTERTAINMENT PURCHASE 3441,MERCHANT,False,2025-04
T000266,2025-04-09,2025-04-09,MAIN_CHECKING,-45.75,EUR,ENTERTAINMENT,ENTERTAINMENT PURCHASE 2169,MERCHANT,False,2025-04
T000272,2025-04-15,2025-04-15,MAIN_CHECKING,-46.6,EUR,TRANSPORT,TRANSPORT PURCHASE 5415,MERCHANT,False,2025-04
T000271,2025-04-16,2025-04-17,MAIN_CHECKING,-53.13,EUR,TRANSPORT,TRANSPORT PURCHASE 1423,MERCHANT,False,2025-04
T000262,2025-04-18,2025-04-19,MAIN_CHECKING,-106.57,EUR,GROCERIES,GROCERIES PURCHASE 5632,MERCHANT,False,2025-04
T000270,2025-04-18,2025-04-18,MAIN_CHECKING,-46.49,EUR,TRANSPORT,TRANSPORT PURCHASE 8078,MERCHANT,False,2025-04
T000269,2025-04-21,2025-04-22,MAIN_CHECKING,-43.98,EUR,ENTERTAINMENT,ENTERTAINMENT PURCHASE 9199,MERCHANT,False,2025-04
T000264,2025-04-22,2025-04-22,MAIN_CHECKING,-43.05,EUR,ENTERTAINMENT,ENTERTAINMENT PURCHASE 7965,MERCHANT,False,2025-04
T000256,2025-04-25,2025-04-26,MAIN_CHECKING,3090.0,EUR,SALARY,SALARY 2025-04,EMPLOYER,True,2025-04
T000259,2025-04-26,2025-04-27,MAIN_CHECKING,-500.0,EUR,SAVINGS_CONTRIBUTION,SAVINGS_CONTRIBUTION 2025-04,BANK,True,2025-04
T000267,2025-04-26,2025-04-27,MAIN_CHECKING,-38.57,EUR,ENTERTAINMENT,ENTERTAINMENT PURCHASE 5728,MERCHANT,False,2025-04
T000268,2025-04-27,2025-04-28,MAIN_CHECKING,-41.78,EUR,ENTERTAINMENT,ENTERTAINMENT PURCHASE 5982,MERCHANT,False,2025-04
T000274,2025-05-01,2025-05-02,MAIN_CHECKING,-1200.0,EUR,RENT_MORTGAGE,RENT_MORTGAGE 2025-05,BANK,True,2025-05
T000278,2025-05-02,2025-05-03,MAIN_CHECKING,-110.39,EUR,GROCERIES,GROCERIES PURCHASE 9056,MERCHANT,False,2025-05
T000288,2025-05-02,2025-05-03,MAIN_CHECKING,-50.17,EUR,TRANSPORT,TRANSPORT PURCHASE 2989,MERCHANT,False,2025-05
T000275,2025-05-05,2025-05-06,MAIN_CHECKING,-129.6,EUR,UTILITIES,UTILITIES 2025-05,UTILITY_PROVIDER,True,2025-05
T000280,2025-05-06,2025-05-07,MAIN_CHECKING,-115.74,EUR,GROCERIES,GROCERIES PURCHASE 2713,MERCHANT,False,2025-05
T000282,2025-05-06,2025-05-07,MAIN_CHECKING,-41.95,EUR,ENTERTAINMENT,ENTERTAINMENT PURCHASE 5135,MERCHANT,False,2025-05
T000289,2025-05-07,2025-05-07,MAIN_CHECKING,-46.01,EUR,TRANSPORT,TRANSPORT PURCHASE 3594,MERCHANT,False,2025-05
T000283,2025-05-11,2025-05-12,MAIN_CHECKING,-40.84,EUR,ENTERTAINMENT,ENTERTAINMENT PURCHASE 9431,MERCHANT,False,2025-05
T000284,2025-05-14,2025-05-14,MAIN_CHECKING,-45.08,EUR,ENTERTAINMENT,ENTERTAINMENT PURCHASE 9889,MERCHANT,False,2025-05
T000286,2025-05-16,2025-05-17,MAIN_CHECKING,-42.49,EUR,ENTERTAINMENT,ENTERTAINMENT PURCHASE 8242,MERCHANT,False,2025-05
T000277,2025-05-19,2025-05-20,MAIN_CHECKING,-117.2,EUR,GROCERIES,GROCERIES PURCHASE 5557,MERCHANT,False,2025-05
T000285,2025-05-23,2025-05-23,MAIN_CHECKING,-42.01,EUR,ENTERTAINMENT,ENTERTAINMENT PURCHASE 4073,MERCHANT,False,2025-05
T000273,2025-05-25,2025-05-26,MAIN_CHECKING,3096.0,EUR,SALARY,SALARY 2025-05,EMPLOYER,True,2025-05
T000279,2025-05-25,2025-05-26,MAIN_CHECKING,-128.96,EUR,GROCERIES,GROCERIES PURCHASE 6700,MERCHANT,False,2025-05
T000287,2025-05-25,2025-05-25,MAIN_CHECKING,-48.43,EUR,TRANSPORT,TRANSPORT PURCHASE 5719,MERCHANT,False,2025-05
T000276,2025-05-26,2025-05-27,MAIN_CHECKING,-500.0,EUR,SAVINGS_CONTRIBUTION,SAVINGS_CONTRIBUTION 2025-05,BANK,True,2025-05
T000281,2025-05-28,2025-05-29,MAIN_CHECKING,-40.54,EUR,ENTERTAINMENT,ENTERTAINMENT PURCHASE 1601,MERCHANT,False,2025-05
T000291,2025-06-01,2025-06-02,MAIN_CHECKING,-1200.0,EUR,RENT_MORTGAGE,RENT_MORTGAGE 2025-06,BANK,True,2025-06
T000296,2025-06-01,2025-06-02,MAIN_CHECKING,-128.47,EUR,GROCERIES,GROCERIES PURCHASE 9337,MERCHANT,False,2025-06
T000292,2025-06-05,2025-06-06,MAIN_CHECKING,-130.2,EUR,UTILITIES,UTILITIES 2025-06,UTILITY_PROVIDER,True,2025-06
T000302,2025-06-05,2025-06-06,MAIN_CHECKING,-45.47,EUR,ENTERTAINMENT,ENTERTAINMENT PURCHASE 9824,MERCHANT,False,2025-06
T000299,2025-06-08,2025-06-09,MAIN_CHECKING,-40.48,EUR,ENTERTAINMENT,ENTERTAINMENT PURCHASE 6568,MERCHANT,False,2025-06
T000294,2025-06-10,2025-06-10,MAIN_CHECKING,-108.62,EUR,GROCERIES,GROCERIES PURCHASE 8560,MERCHANT,False,2025-06
T000303,2025-06-13,2025-06-14,MAIN_CHECKING,-42.24,EUR,ENTERTAINMENT,ENTERTAINMENT PURCHASE 9903,MERCHANT,False,2025-06
T000304,2025-06-13,2025-06-13,MAIN_CHECKING,-49.04,EUR,TRANSPORT,TRANSPORT PURCHASE 4912,MERCHANT,False,2025-06
T000297,2025-06-14,2025-06-15,MAIN_CHECKING,-123.09,EUR,GROCERIES,GROCERIES PURCHASE 8905,MERCHANT,False,2025-06
T000300,2025-06-15,2025-06-16,MAIN_CHECKING,-46.06,EUR,ENTERTAINMENT,ENTERTAINMENT PURCHASE 1042,MERCHANT,False,2025-06
T000305,2025-06-15,2025-06-15,MAIN_CHECKING,-51.58,EUR,TRANSPORT,TRANSPORT PURCHASE 7730,MERCHANT,False,2025-06
T000298,2025-06-16,2025-06-16,MAIN_CHECKING,-39.75,EUR,ENTERTAINMENT,ENTERTAINMENT PURCHASE 2143,MERCHANT,False,2025-06
T000295,2025-06-18,2025-06-18,MAIN_CHECKING,-128.81,EUR,GROCERIES,GROCERIES PURCHASE 9165,MERCHANT,False,2025-06
T000301,2025-06-18,2025-06-19,MAIN_CHECKING,-40.53,EUR,ENTERTAINMENT,ENTERTAINMENT PURCHASE 9022,MERCHANT,False,2025-06
T000290,2025-06-25,2025-06-26,MAIN_CHECKING,3102.0,EUR,SALARY,SALARY 2025-06,EMPLOYER,True,2025-06
T000293,2025-06-26,2025-06-27,MAIN_CHECKING,-500.0,EUR,SAVINGS_CONTRIBUTION,SAVINGS_CONTRIBUTION 2025-06,BANK,True,2025-06
T000306,2025-06-30,2025-07-01,MAIN_CHECKING,-46.21,EUR,TRANSPORT,TRANSPORT PURCHASE 7246,MERCHANT,False,2025-06
T000308,2025-07-01,2025-07-02,MAIN_CHECKING,-1200.0,EUR,RENT_MORTGAGE,RENT_MORTGAGE 2025-07,BANK,True,2025-07
T000318,2025-07-01,2025-07-02,MAIN_CHECKING,-45.4,EUR,ENTERTAINMENT,ENTERTAINMENT PURCHASE 6188,MERCHANT,False,2025-07
T000309,2025-07-05,2025-07-06,MAIN_CHECKING,-130.8,EUR,UTILITIES,UTILITIES 2025-07,UTILITY_PROVIDER,True,2025-07
T000320,2025-07-05,2025-07-05,MAIN_CHECKING,-38.48,EUR,ENTERTAINMENT,ENTERTAINMENT PURCHASE 4846,MERCHANT,False,2025-07
T000411,2025-07-10,2025-07-11,MAIN_CHECKING,-1800.0,EUR,TRAVEL,VACATION EXPENSE,MERCHANT,False,2025-07
T000311,2025-07-13,2025-07-13,MAIN_CHECKING,-122.18,EUR,GROCERIES,GROCERIES PURCHASE 9115,MERCHANT,False,2025-07
T000317,2025-07-15,2025-07-16,MAIN_CHECKING,-43.46,EUR,ENTERTAINMENT,ENTERTAINMENT PURCHASE 2315,MERCHANT,False,2025-07
T000315,2025-07-17,2025-07-17,MAIN_CHECKING,-41.65,EUR,ENTERTAINMENT,ENTERTAINMENT PURCHASE 2225,MERCHANT,False,2025-07
T000321,2025-07-21,2025-07-21,MAIN_CHECKING,-48.74,EUR,TRANSPORT,TRANSPORT PURCHASE 2480,MERCHANT,False,2025-07
T000312,2025-07-22,2025-07-22,MAIN_CHECKING,-129.6,EUR,GROCERIES,GROCERIES PURCHASE 9229,MERCHANT,False,2025-07
T000322,2025-07-22,2025-07-22,MAIN_CHECKING,-50.23,EUR,TRANSPORT,TRANSPORT PURCHASE 2646,MERCHANT,False,2025-07
T000319,2025-07-24,2025-07-25,MAIN_CHECKING,-43.49,EUR,ENTERTAINMENT,ENTERTAINMENT PURCHASE 9864,MERCHANT,False,2025-07
T000307,2025-07-25,2025-07-26,MAIN_CHECKING,3108.0,EUR,SALARY,SALARY 2025-07,EMPLOYER,True,2025-07
T000310,2025-07-26,2025-07-27,MAIN_CHECKING,-500.0,EUR,SAVINGS_CONTRIBUTION,SAVINGS_CONTRIBUTION 2025-07,BANK,True,2025-07
T000313,2025-07-26,2025-07-27,MAIN_CHECKING,-129.61,EUR,GROCERIES,GROCERIES PURCHASE 2644,MERCHANT,False,2025-07
T000314,2025-07-27,2025-07-28,MAIN_CHECKING,-127.45,EUR,GROCERIES,GROCERIES PURCHASE 2633,MERCHANT,False,2025-07
T000316,2025-07-30,2025-07-31,MAIN_CHECKING,-42.16,EUR,ENTERTAINMENT,ENTERTAINMENT PURCHASE 6546,MERCHANT,False,2025-07
T000323,2025-07-30,2025-07-31,MAIN_CHECKING,-50.33,EUR,TRANSPORT,TRANSPORT PURCHASE 1474,MERCHANT,False,2025-07
T000325,2025-08-01,2025-08-02,MAIN_CHECKING,-1200.0,EUR,RENT_MORTGAGE,RENT_MORTGAGE 2025-08,BANK,True,2025-08
T000328,2025-08-02,2025-08-03,MAIN_CHECKING,-115.55,EUR,GROCERIES,GROCERIES PURCHASE 3385,MERCHANT,False,2025-08
T000326,2025-08-05,2025-08-06,MAIN_CHECKING,-131.4,EUR,UTILITIES,UTILITIES 2025-08,UTILITY_PROVIDER,True,2025-08
T000334,2025-08-05,2025-08-05,MAIN_CHECKING,-43.97,EUR,ENTERTAINMENT,ENTERTAINMENT PURCHASE 2210,MERCHANT,False,2025-08
T000335,2025-08-08,2025-08-09,MAIN_CHECKING,-41.96,EUR,ENTERTAINMENT,ENTERTAINMENT PURCHASE 5901,MERCHANT,False,2025-08
T000331,2025-08-10,2025-08-10,MAIN_CHECKING,-121.76,EUR,GROCERIES,GROCERIES PURCHASE 9153,MERCHANT,False,2025-08
T000329,2025-08-11,2025-08-12,MAIN_CHECKING,-112.83,EUR,GROCERIES,GROCERIES PURCHASE 3950,MERCHANT,False,2025-08
T000338,2025-08-13,2025-08-14,MAIN_CHECKING,-46.94,EUR,TRANSPORT,TRANSPORT PURCHASE 6881,MERCHANT,False,2025-08
T000336,2025-08-15,2025-08-16,MAIN_CHECKING,-43.64,EUR,ENTERTAINMENT,ENTERTAINMENT PURCHASE 5097,MERCHANT,False,2025-08
T000340,2025-08-16,2025-08-17,MAIN_CHECKING,-55.82,EUR,TRANSPORT,TRANSPORT PURCHASE 5497,MERCHANT,False,2025-08
T000333,2025-08-19,2025-08-20,MAIN_CHECKING,-45.85,EUR,ENTERTAINMENT,ENTERTAINMENT PURCHASE 5712,MERCHANT,False,2025-08
T000337,2025-08-21,2025-08-22,MAIN_CHECKING,-42.09,EUR,ENTERTAINMENT,ENTERTAINMENT PURCHASE 4263,MERCHANT,False,2025-08
T000324,2025-08-25,2025-08-26,MAIN_CHECKING,3114.0,EUR,SALARY,SALARY 2025-08,EMPLOYER,True,2025-08
T000327,2025-08-26,2025-08-27,MAIN_CHECKING,-500.0,EUR,SAVINGS_CONTRIBUTION,SAVINGS_CONTRIBUTION 2025-08,BANK,True,2025-08
T000330,2025-08-26,2025-08-26,MAIN_CHECKING,-111.06,EUR,GROCERIES,GROCERIES PURCHASE 7267,MERCHANT,False,2025-08
T000339,2025-08-28,2025-08-29,MAIN_CHECKING,-51.71,EUR,TRANSPORT,TRANSPORT PURCHASE 1359,MERCHANT,False,2025-08
T000332,2025-08-30,2025-08-31,MAIN_CHECKING,-40.37,EUR,ENTERTAINMENT,ENTERTAINMENT PURCHASE 1153,MERCHANT,False,2025-08
T000342,2025-09-01,2025-09-02,MAIN_CHECKING,-1200.0,EUR,RENT_MORTGAGE,RENT_MORTGAGE 2025-09,BANK,True,2025-09
T000345,2025-09-01,2025-09-01,MAIN_CHECKING,-125.89,EUR,GROCERIES,GROCERIES PURCHASE 9138,MERCHANT,False,2025-09
T000353,2025-09-02,2025-09-03,MAIN_CHECKING,-42.52,EUR,ENTERTAINMENT,ENTERTAINMENT PURCHASE 3695,MERCHANT,False,2025-09
T000350,2025-09-04,2025-09-04,MAIN_CHECKING,-44.48,EUR,ENTERTAINMENT,ENTERTAINMENT PURCHASE 5835,MERCHANT,False,2025-09
T000343,2025-09-05,2025-09-06,MAIN_CHECKING,-132.0,EUR,UTILITIES,UTILITIES 2025-09,UTILITY_PROVIDER,True,2025-09
T000354,2025-09-10,2025-09-11,MAIN_CHECKING,-40.43,EUR,ENTERTAINMENT,ENTERTAINMENT PURCHASE 5835,MERCHANT,False,2025-09
T000357,2025-09-11,2025-09-12,MAIN_CHECKING,-55.77,EUR,TRANSPORT,TRANSPORT PURCHASE 2479,MERCHANT,False,2025-09
T000346,2025-09-19,2025-09-20,MAIN_CHECKING,-127.19,EUR,GROCERIES,GROCERIES PURCHASE 4770,MERCHANT,False,2025-09
T000349,2025-09-21,2025-09-21,MAIN_CHECKING,-44.95,EUR,ENTERTAINMENT,ENTERTAINMENT PURCHASE 6977,MERCHANT,False,2025-09
T000348,2025-09-22,2025-09-23,MAIN_CHECKING,-122.51,EUR,GROCERIES,GROCERIES PURCHASE 3240,MERCHANT,False,2025-09
T000355,2025-09-24,2025-09-25,MAIN_CHECKING,-54.1,EUR,TRANSPORT,TRANSPORT PURCHASE 2233,MERCHANT,False,2025-09
T000341,2025-09-25,2025-09-26,MAIN_CHECKING,3120.0,EUR,SALARY,SALARY 2025-09,EMPLOYER,True,2025-09
T000344,2025-09-26,2025-09-27,MAIN_CHECKING,-500.0,EUR,SAVINGS_CONTRIBUTION,SAVINGS_CONTRIBUTION 2025-09,BANK,True,2025-09
T000347,2025-09-28,2025-09-29,MAIN_CHECKING,-121.8,EUR,GROCERIES,GROCERIES PURCHASE 4588,MERCHANT,False,2025-09
T000352,2025-09-28,2025-09-29,MAIN_CHECKING,-39.96,EUR,ENTERTAINMENT,ENTERTAINMENT PURCHASE 9697,MERCHANT,False,2025-09
T000356,2025-09-28,2025-09-28,MAIN_CHECKING,-47.34,EUR,TRANSPORT,TRANSPORT PURCHASE 7511,MERCHANT,False,2025-09
T000351,2025-09-30,2025-10-01,MAIN_CHECKING,-41.03,EUR,ENTERTAINMENT,ENTERTAINMENT PURCHASE 3877,MERCHANT,False,2025-09
T000359,2025-10-01,2025-10-02,MAIN_CHECKING,-1200.0,EUR,RENT_MORTGAGE,RENT_MORTGAGE 2025-10,BANK,True,2025-10
T000364,2025-10-01,2025-10-02,MAIN_CHECKING,-127.3,EUR,GROCERIES,GROCERIES PURCHASE 2775,MERCHANT,False,2025-10
T000360,2025-10-05,2025-10-06,MAIN_CHECKING,-132.6,EUR,UTILITIES,UTILITIES 2025-10,UTILITY_PROVIDER,True,2025-10
T000371,2025-10-08,2025-10-09,MAIN_CHECKING,-42.15,EUR,ENTERTAINMENT,ENTERTAINMENT PURCHASE 3531,MERCHANT,False,2025-10
T000365,2025-10-09,2025-10-10,MAIN_CHECKING,-123.77,EUR,GROCERIES,GROCERIES PURCHASE 1410,MERCHANT,False,2025-10
T000369,2025-10-11,2025-10-11,MAIN_CHECKING,-46.76,EUR,ENTERTAINMENT,ENTERTAINMENT PURCHASE 2592,MERCHANT,False,2025-10
T000363,2025-10-13,2025-10-14,MAIN_CHECKING,-123.72,EUR,GROCERIES,GROCERIES PURCHASE 7242,MERCHANT,False,2025-10
T000373,2025-10-14,2025-10-15,MAIN_CHECKING,-55.53,EUR,TRANSPORT,TRANSPORT PURCHASE 1536,MERCHANT,False,2025-10
T000368,2025-10-18,2025-10-18,MAIN_CHECKING,-38.67,EUR,ENTERTAINMENT,ENTERTAINMENT PURCHASE 5986,MERCHANT,False,2025-10
T000366,2025-10-20,2025-10-21,MAIN_CHECKING,-43.8,EUR,ENTERTAINMENT,ENTERTAINMENT PURCHASE 5951,MERCHANT,False,2025-10
T000374,2025-10-21,2025-10-21,MAIN_CHECKING,-52.99,EUR,TRANSPORT,TRANSPORT PURCHASE 8264,MERCHANT,False,2025-10
T000358,2025-10-25,2025-10-26,MAIN_CHECKING,3126.0,EUR,SALARY,SALARY 2025-10,EMPLOYER,True,2025-10
T000361,2025-10-26,2025-10-27,MAIN_CHECKING,-500.0,EUR,SAVINGS_CONTRIBUTION,SAVINGS_CONTRIBUTION 2025-10,BANK,True,2025-10
T000362,2025-10-26,2025-10-27,MAIN_CHECKING,-120.46,EUR,GROCERIES,GROCERIES PURCHASE 7038,MERCHANT,False,2025-10
T000367,2025-10-29,2025-10-29,MAIN_CHECKING,-43.81,EUR,ENTERTAINMENT,ENTERTAINMENT PURCHASE 3290,MERCHANT,False,2025-10
T000372,2025-10-29,2025-10-30,MAIN_CHECKING,-46.96,EUR,TRANSPORT,TRANSPORT PURCHASE 7686,MERCHANT,False,2025-10
T000370,2025-10-31,2025-10-31,MAIN_CHECKING,-40.29,EUR,ENTERTAINMENT,ENTERTAINMENT PURCHASE 7367,MERCHANT,False,2025-10
T000376,2025-11-01,2025-11-02,MAIN_CHECKING,-1200.0,EUR,RENT_MORTGAGE,RENT_MORTGAGE 2025-11,BANK,True,2025-11
T000388,2025-11-01,2025-11-01,MAIN_CHECKING,-45.64,EUR,ENTERTAINMENT,ENTERTAINMENT PURCHASE 3129,MERCHANT,False,2025-11
T000377,2025-11-05,2025-11-06,MAIN_CHECKING,-199.8,EUR,UTILITIES,UTILITIES 2025-11,UTILITY_PROVIDER,True,2025-11
T000384,2025-11-07,2025-11-07,MAIN_CHECKING,-46.75,EUR,ENTERTAINMENT,ENTERTAINMENT PURCHASE 2124,MERCHANT,False,2025-11
T000380,2025-11-08,2025-11-09,MAIN_CHECKING,-129.56,EUR,GROCERIES,GROCERIES PURCHASE 1992,MERCHANT,False,2025-11
T000390,2025-11-09,2025-11-09,MAIN_CHECKING,-46.14,EUR,TRANSPORT,TRANSPORT PURCHASE 6304,MERCHANT,False,2025-11
T000382,2025-11-12,2025-11-13,MAIN_CHECKING,-130.69,EUR,GROCERIES,GROCERIES PURCHASE 2501,MERCHANT,False,2025-11
T000379,2025-11-15,2025-11-16,MAIN_CHECKING,-110.32,EUR,GROCERIES,GROCERIES PURCHASE 9920,MERCHANT,False,2025-11
T000389,2025-11-18,2025-11-18,MAIN_CHECKING,-47.77,EUR,TRANSPORT,TRANSPORT PURCHASE 3159,MERCHANT,False,2025-11
T000387,2025-11-20,2025-11-20,MAIN_CHECKING,-44.92,EUR,ENTERTAINMENT,ENTERTAINMENT PURCHASE 5542,MERCHANT,False,2025-11
T000385,2025-11-21,2025-11-21,MAIN_CHECKING,-45.39,EUR,ENTERTAINMENT,ENTERTAINMENT PURCHASE 4538,MERCHANT,False,2025-11
T000383,2025-11-22,2025-11-23,MAIN_CHECKING,-38.76,EUR,ENTERTAINMENT,ENTERTAINMENT PURCHASE 4990,MERCHANT,False,2025-11
T000375,2025-11-25,2025-11-26,MAIN_CHECKING,3132.0,EUR,SALARY,SALARY 2025-11,EMPLOYER,True,2025-11
T000378,2025-11-26,2025-11-27,MAIN_CHECKING,-500.0,EUR,SAVINGS_CONTRIBUTION,SAVINGS_CONTRIBUTION 2025-11,BANK,True,2025-11
T000391,2025-11-26,2025-11-27,MAIN_CHECKING,-46.15,EUR,TRANSPORT,TRANSPORT PURCHASE 1858,MERCHANT,False,2025-11
T000381,2025-11-28,2025-11-28,MAIN_CHECKING,-117.48,EUR,GROCERIES,GROCERIES PURCHASE 3001,MERCHANT,False,2025-11
T000386,2025-11-28,2025-11-28,MAIN_CHECKING,-45.25,EUR,ENTERTAINMENT,ENTERTAINMENT PURCHASE 6383,MERCHANT,False,2025-11
T000393,2025-12-01,2025-12-02,MAIN_CHECKING,-1200.0,EUR,RENT_MORTGAGE,RENT_MORTGAGE 2025-12,BANK,True,2025-12
T000403,2025-12-01,2025-12-02,MAIN_CHECKING,-38.92,EUR,ENTERTAINMENT,ENTERTAINMENT PURCHASE 9984,MERCHANT,False,2025-12
T000404,2025-12-02,2025-12-03,MAIN_CHECKING,-44.43,EUR,ENTERTAINMENT,ENTERTAINMENT PURCHASE 9692,MERCHANT,False,2025-12
T000408,2025-12-04,2025-12-05,MAIN_CHECKING,-49.5,EUR,TRANSPORT,TRANSPORT PURCHASE 7532,MERCHANT,False,2025-12
T000394,2025-12-05,2025-12-06,MAIN_CHECKING,-200.7,EUR,UTILITIES,UTILITIES 2025-12,UTILITY_PROVIDER,True,2025-12
T000396,2025-12-05,2025-12-05,MAIN_CHECKING,-110.97,EUR,GROCERIES,GROCERIES PURCHASE 8802,MERCHANT,False,2025-12
T000400,2025-12-10,2025-12-11,MAIN_CHECKING,-45.59,EUR,ENTERTAINMENT,ENTERTAINMENT PURCHASE 2768,MERCHANT,False,2025-12
T000398,2025-12-14,2025-12-15,MAIN_CHECKING,-122.52,EUR,GROCERIES,GROCERIES PURCHASE 9254,MERCHANT,False,2025-12
T000401,2025-12-15,2025-12-16,MAIN_CHECKING,-42.54,EUR,ENTERTAINMENT,ENTERTAINMENT PURCHASE 2204,MERCHANT,False,2025-12
T000405,2025-12-16,2025-12-17,MAIN_CHECKING,-40.88,EUR,ENTERTAINMENT,ENTERTAINMENT PURCHASE 2624,MERCHANT,False,2025-12
T000399,2025-12-17,2025-12-17,MAIN_CHECKING,-113.57,EUR,GROCERIES,GROCERIES PURCHASE 9543,MERCHANT,False,2025-12
T000402,2025-12-21,2025-12-22,MAIN_CHECKING,-46.03,EUR,ENTERTAINMENT,ENTERTAINMENT PURCHASE 3430,MERCHANT,False,2025-12
T000407,2025-12-23,2025-12-23,MAIN_CHECKING,-50.65,EUR,TRANSPORT,TRANSPORT PURCHASE 7779,MERCHANT,False,2025-12
T000397,2025-12-24,2025-12-25,MAIN_CHECKING,-119.02,EUR,GROCERIES,GROCERIES PURCHASE 9408,MERCHANT,False,2025-12
T000392,2025-12-25,2025-12-26,MAIN_CHECKING,3138.0,EUR,SALARY,SALARY 2025-12,EMPLOYER,True,2025-12
T000395,2025-12-26,2025-12-27,MAIN_CHECKING,-500.0,EUR,SAVINGS_CONTRIBUTION,SAVINGS_CONTRIBUTION 2025-12,BANK,True,2025-12
T000406,2025-12-26,2025-12-26,MAIN_CHECKING,-54.76,EUR,TRANSPORT,TRANSPORT PURCHASE 8046,MERCHANT,False,2025-12
